Server,IP,Hosts file,Nameserver,Nameserver Pattern
Opsta1,20.189.73.213,TRUE,TRUE,Nameserver_p1
Opsta2,40.81.28.32,TRUE,FALSE,Not Applicable
 
 
 
 
 
 
 
 
 
 
 
 
 
 
 
 
 
 
 
 
 
 
 
 
 
 
 
 
 
 
 
 
 
 
 
 
 
 
 
 
 
 
 
 
 
 
 
 
 
 
 
 
 
 
 
 
 
 
 
 
 
 
 
 
 
 
 
 
 
 
 
 
 
 
 
 
 
 
 
 
 
 
 
 
 
[
'
S
e
r
v
i
c
e
,
I
P
,
H
o
s
t
,
N
a
m
e
s
e
r
v
e
r
,
N
a
m
e
s
e
r
v
e
r
 
P
a
t
t
e
r
n
,
H
o
s
t
 
C
o
n
f
i
g
u
r
e
d
,
N
a
m
e
s
e
r
v
e
r
 
C
o
n
f
i
g
u
r
e
d
,
R
e
s
o
l
v
e
d
'
,
 
'
O
p
s
t
a
1
,
2
0
.
1
8
9
.
7
3
.
2
1
3
,
T
R
U
E
,
T
R
U
E
,
N
a
m
e
s
e
r
v
e
r
_
p
1
,
F
A
L
S
E
,
F
A
L
S
E
,
F
A
L
S
E
 
'
,
 
'
O
p
s
t
a
2
,
4
0
.
8
1
.
2
8
.
3
2
,
T
R
U
E
,
F
A
L
S
E
,
N
o
t
 
A
p
p
l
i
c
a
b
l
e
,
F
A
L
S
E
,
F
A
L
S
E
,
F
A
L
S
E
'
]